provider,consumer,grade,raw_grade,I,F,H,T,P,W,relative,reason
foundation,algebra,B,B,3,2,2,3,4.0,7,3.43,Paradigm and logical declarations are concentrated in basic contracts; they can be separated as a small shared contract.
function,algebra,M,B,2,2,2,2,4.0,6,2.94,Graded computes Procedure objects and algebra operations compose TaylorSeries; the extensions should move upward and the templates need review.
geometry,algebra,M,M,6,6,3,2,12.0,12,5.88,"Interval appears in interfaces, differential code, expansion code, and matrices; a primitive interval layer is needed rather than only changing includes."
io,algebra,B,B,2,1,1,2,2.0,4,1.96,Graphics coupling is concentrated in Tensor; extract a minimal drawing adapter/interface while checking inheritance and compatibility.
numeric,algebra,A,A,41,24,18,16,48.0,77,37.75,"Scalar types, operators, rounding, and numeric concepts permeate algebra and its templates."
algebra,dynamics,M,M,25,15,6,9,50.0,37,18.14,"Enclosures and PDE algorithms use vectors, matrices, differentials, and concrete algebra structures."
function,dynamics,A,A,50,20,9,14,66.7,68,33.33,"Functions, Taylor models, patches, and constraints are part of the representation and evolvers."
geometry,dynamics,A,A,41,14,11,12,46.7,63,30.88,"Enclosures, orbits, grids, and reachability expose sets and paving structures."
hybrid,dynamics,B,B,1,1,0,1,3.3,1,0.49,A single include of discrete_event.hpp appears in enclosure.cpp with no explicit DiscreteEvent use; it is a local removal candidate.
io,dynamics,M,M,11,7,4,5,23.3,19,9.31,"Drawing and graphics interfaces appear in enclosure, orbit, and storage headers; adapters should be extracted."
numeric,dynamics,M,M,17,12,9,8,40.0,35,17.16,Concrete scalars and bounds span both headers and implementations.
solvers,dynamics,M,M,21,12,6,10,40.0,33,16.18,"Evolvers depend on integrators, constraint solvers, and exposed configurations; narrower contracts and factories are needed."
symbolic,dynamics,M,M,29,14,7,7,46.7,43,21.08,"Variables, spaces, assignments, and expressions define continuous systems and enclosures."
numeric,foundation,M,B,2,1,0,2,16.7,2,0.98,"At the baseline, logical.cpp implemented Sequence conjunction/disjunction and used Natural; this was a substantive cycle despite being confined to one file."
symbolic,foundation,M,B,1,1,0,1,16.7,1,0.49,"At the baseline, LogicalExpression was built on Symbolic templates and numeric operators; the logical core needed to be separated from higher symbolic machinery."
algebra,function,A,A,142,41,31,21,66.1,204,100.0,"Maximum observed case: vectors, matrices, differentials, expansions, interfaces, and mixins span 41 files and 31 headers."
foundation,function,B,B,4,3,3,4,4.8,10,4.9,"Declarations, paradigms, and representation are concentrated in contracts and can remain in a small lower-level package."
geometry,function,M,M,21,8,6,9,12.9,33,16.18,"Domain uses Interval and Box, while multifunction and measurable-function facilities use sets and function_set; primitive domains should be separated from functional sets."
numeric,function,A,A,57,39,29,7,62.9,115,56.37,"Scalars, precisions, and arithmetic are embedded in function APIs and templates."
symbolic,function,M,M,6,5,3,4,8.1,12,5.88,Formula and Procedure share symbolic templates and function.cpp uses Expression; generic expression trees and conversions should be separated.
algebra,geometry,M,M,19,12,7,5,27.3,33,16.18,"Vectors, matrices, and algebra support points, boxes, affine sets, and constraints."
foundation,geometry,M,M,12,11,11,4,25.0,34,16.67,Logical predicates and computational paradigms are part of set and paving interfaces.
function,geometry,M,M,35,14,6,14,31.8,47,23.04,Functional and affine sets and curves store functions and models; box.cpp also uses Taylor models.
hybrid,geometry,B,B,1,1,1,1,2.3,3,1.47,"Only list_set.hpp included discrete_location.hpp; no concrete use of the type was found, making this a local cleanup candidate."
io,geometry,M,M,17,14,10,5,31.8,37,18.14,Drawing support and Drawable inheritance are distributed across several geometric types; interfaces and renderers should be separated.
numeric,geometry,M,M,24,14,10,14,31.8,44,21.57,"Intervals, boxes, and sets depend on numeric types and rounding."
solvers,geometry,M,B,5,3,0,3,6.8,5,2.45,Pavers and affine/functional sets invoke linear/nonlinear programming and constraint solvers; an algorithmic boundary is needed despite the small include count.
symbolic,geometry,M,M,5,4,3,4,9.1,11,5.39,"Labelled points, curves, and functional sets use identifiers, spaces, assignments, and symbolic templates."
algebra,hybrid,M,M,11,9,5,4,25.7,21,10.29,Containers and algebraic structures appear throughout hybrid types; the dependency is distributed but narrower than function/algebra.
dynamics,hybrid,M,M,9,8,6,7,22.9,21,10.29,HybridEnclosure contains LabelledEnclosure and hybrid evolvers/reachability reuse continuous infrastructure; a forward declaration is insufficient.
foundation,hybrid,B,B,1,1,1,1,2.9,3,1.47,A direct dependency on Tribool forms a small shared logical contract.
function,hybrid,M,M,30,17,8,11,48.6,46,22.55,"Models, functions, and constraints appear in automata, evolution, and enclosures."
geometry,hybrid,A,A,43,14,8,11,40.0,59,28.92,"Sets, pavings, grids, and boxes are embedded in the hybrid representation."
io,hybrid,M,M,14,8,3,5,22.9,20,9.8,"Graphics occurs in dedicated modules and also in sets, pavings, orbits, and enclosures; renderers and contracts should be separated."
numeric,hybrid,M,M,17,13,7,6,37.1,31,15.2,"Times, enclosures, and sets use concrete scalars and bounds."
solvers,hybrid,M,M,12,7,3,7,20.0,18,8.82,"Evolution and simulation use integrators and solvers, with configurations exposed."
symbolic,hybrid,M,M,28,17,11,6,48.6,50,24.51,"Spaces, assignments, and expressions define automata, variables, and hybrid sets."
algebra,io,B,B,3,3,3,1,15.0,9,4.41,Only algebra/declarations.hpp is included from three headers; minimal declarations can be extracted without depending on algebra implementations.
function,io,M,M,7,7,3,3,35.0,13,6.37,Backends and figures know concrete function types; function drawing should be separated from graphics backends.
geometry,io,M,M,12,7,3,6,35.0,18,8.82,"Drawers and backends manipulate boxes, points, pavings, and functional sets; adapters should be separated."
numeric,io,M,M,8,6,3,3,30.0,14,6.86,GraphicsBoundingBoxType and graphics APIs expose numeric types; a more neutral graphics representation is desirable.
symbolic,io,M,B,8,4,1,3,20.0,10,4.9,"Labelled figures and backends use Variable, Space, and expression_set; labelled graphics should be separated."
foundation,numeric,A,A,53,40,33,3,45.5,119,58.33,Logical types and paradigms appear in 40 numeric files and 33 headers; this is a strong dependency of numeric contracts on Foundation.
symbolic,numeric,B,B,2,2,1,1,2.3,4,1.96,"Only templates.hpp is used, from number_wrapper.hpp and real.cpp; extract the numeric expression-template subset without moving the cycle into Foundation."
algebra,solvers,A,A,46,17,9,13,81.0,64,31.37,"Algorithms and APIs use algebra, differentials, vectors, and matrices, including implementation templates."
foundation,solvers,B,B,3,3,1,1,14.3,5,2.45,Tribool is concentrated in constraint/nonlinear solvers and forms a small shared logical contract.
function,solvers,A,A,62,18,9,19,85.7,80,39.22,"Integrators, bounders, and solvers operate on concrete models, formulas, procedures, and patches."
geometry,solvers,M,M,10,9,6,4,42.9,22,10.78,"Boxes, intervals, and grid_paving appear in addition to declarations; primitives should be separated from paving functions."
numeric,solvers,M,M,19,15,9,4,71.4,37,18.14,Scalars and precisions occur in 15 of 21 files and 9 of 12 headers; relative penetration is high even though volume is below the maximum case.
symbolic,solvers,B,B,1,1,1,1,4.8,3,1.47,One include of expression_set.hpp appears in inclusion_integrator.hpp; isolate the bridge for symbolic inclusions.
algebra,symbolic,M,M,9,5,4,6,27.8,17,8.33,"Expression evaluation over Algebra and predicates on vectors, matrices, and differentials create a medium-strength dependency."
foundation,symbolic,B,B,4,3,3,2,16.7,10,4.9,Logical types and Tribool appear in three headers; preserve a minimal common lower-level contract.
function,symbolic,M,M,13,7,5,10,38.9,23,11.27,"Expression/Formula conversions, constraints, and function_expression connect the symbolic layer to function models."
geometry,symbolic,M,B,5,3,2,3,16.7,9,4.41,expression_set exposes Box and builds functional sets; the small surface hides a semantic bridge that should be separated.
numeric,symbolic,M,M,13,7,7,9,38.9,27,13.24,"Number types, operators, and sequences appear in templates and symbolic evaluation."
